,substrates,products,enzyme,difference_fp,enzyme rep,complete,kcat [s^(-1)],enzyme_id
0,C00158,C00311,MSSTLREASKDTLQAKDKTYHYYSLPLAAKSLGDITRLPKSLKVLLENLLRWQDGNSVTEEDIHALAGWLKNAHADREIAYRPARVLMQDFTGVPAVVDLAAMREAVKRLGGDTAKVNPLSPVDLVIDHSVTVDRFGDDEAFEENVRLEMERNHERYVFLKWGKQAFSRFSVVPPGTGICHQVNLEYLGKAVWSELQDGEWIAYPDTLVGTDSHTTMINGLGVLGWGVGGIEAEAAMLGQPVSMLIPDVVGFKLTGKLREGITATDLVLTVTQMLRKHGVVGKFVEFYGDGLDSLPLADRATIANMSPEYGATCGFFPIDAVTLDYMRLSGRSEDQVELVEKYAKAQGMWRNPGDEPIFTSTLELDMNDVEASLAGPKRPQDRVALPDVPKAFAASNELEVNATHKDRQPVDYVMNGHQYQLPDGAVVIAAITSCTNTSNPSVLMAAGLLAKKAVTLGLKRQPWVKASLAPGSKVVSDYLAKAKLTPYLDELGFNLVGYGCTTCIGNSGPLPDPIETAIKKSDLTVGAVLSGNRNFEGRIHPLVKTNWLASPPLVVAYALAGNMNINLASEPIGHDRKGDPVYLKDIWPSAQEIARAVEQVSTEMFRKEYAEVFEGTAEWKGINVTRSDTYGWQEDSTYIRLSPFFDEMQATPAPVEDIHGARILAMLGDSVTTDHISPAGSIKPDSPAGRYLQGRGVERKDFNSYGSRRGNHEVMMRGTFANIRIRNEMVPGVEGGMTRHLPDSDVVSIYDAAMRYKQEQTPLAVIAGKEYGSGSSRDWAAKGPRLLGIRVVIAESFERIHRSNLIGMGILPLEFPQGVTRKTLGLTGEEKIDIGDLQNLQPGATVPVTLTRADGSQEVVPCRCRIDTATELTYYQNDGILHYVIRNMLK,[0. 0. 0. ... 0. 0. 0.],"[ 0.8938214  -0.95214874 -0.01474922 ...  0.60828114  0.61641544
 -0.60691774]",True,19.3424,acn
1,C00469;C00003,C00084;C00004;C00080,MAVTNVAELNALVERVKKAQREYASFTQEQVDKIFRAAALAAADARIPLAKMAVAESGMGIVEDKVIKNHFASEYIYNAYKDEKTCGVLSEDDTFGTITIAEPIGIICGIVPTTNPTSTAIFKSLISLKTRNAIIFSPHPRAKDATNKAADIVLQAAIAAGAPKDLIGWIDQPSVELSNALMHHPDINLILATGGPGMVKAAYSSGKPAIGVGAGNTPVVIDETADIKRAVASVLMSKTFDNGVICASEQSVVVVDSVYDAVRERFATHGGYLLQGKELKAVQDVILKNGALNAAIVGQPAYKIAELAGFSVPENTKILIGEVTVVDESEPFAHEKLSPTLAMYRAKDFEDAVEKAEKLVAMGGIGHTSCLYTDQDNQPARVSYFGQKMKTARILINTPASQGGIGDLYNFKLAPSLTLGCGSWGGNSISENVGPKHLINKKTVAKRAENMLWHKLPKSIYFRRGSLPIALDEVITDGHKRALIVTDRFLFNNGYADQITSVLKAAGVETEVFFEVEADPTLSIVRKGAELANSFKPDVIIALGGGSPMDAAKIMWVMYEHPETHFEELALRFMDIRKRIYKFPKMGVKAKMIAVTTTSGTGSEVTPFAVVTDDATGQKYPLADYALTPDMAIVDANLVMDMPKSLCAFGGLDAVTHAMEAYVSVLASEFSDGQALQALKLLKEYLPASYHEGSKNPVARERVHSAATIAGIAFANAFLGVCHSMAHKLGSQFHIPHGLANALLICNVIRYNANDNPTKQTAFSQYDRPQARRRYAEIADHLGLSAPGDRTAAKIEKLLAWLETLKAELGIPKSIREAGVQEADFLANVDKLSEDAFDDQCTGANPRYPLISELKQILLDTYYGRDYVEGETAAKKEAAPAKAEKKAKKSA,[0. 0. 0. ... 0. 0. 0.],"[ 0.0958944   0.4344152  -0.60674524 ... -0.14089978 -0.4795213
  1.0552834 ]",True,11.183436,adh
2,C05378,C00111;C00118,MSKIFDFVKPGVITGDDVQKVFQVAKENNFALPAVNCVGTDSINAVLETAAKVKAPVIVQFSNGGASFIAGKGVKSDVPQGAAILGAISGAHHVHQMAEHYGVPVILHTDHCAKKLLPWIDGLLDAGEKHFAATGKPLFSSHMIDLSEESLQENIEICSKYLERMSKIGMTLEIELGCTGGEEDGVDNSHMDASALYTQPEDVDYAYTELSKISPRFTIAASFGNVHGVYKPGNVVLTPTILRDSQEYVSKKHNLPHNSLNFVFHGGSGSTAQEIKDSVSYGVVKMNIDTDTQWATWEGVLNYYKANEAYLQGQLGNPKGEDQPNKKYYDPRVWLRAGQTSMIARLEKAFQELNAIDVL,[0. 0. 0. ... 0. 0. 0.],"[ 0.4084778  -0.6785597  -0.7144953  ...  0.24210244 -0.17505953
  0.7556989 ]",True,11.427845,ald
3,C00158;C00010,C00024;C00001;C00036,MADTKAKLTLNGDTAVELDVLKGTLGQDVIDIRTLGSKGVFTFDPGFTSTASCESKITFIDGDEGILLHRGFPIDQLATDSNYLEVCYILLNGEKPTQEQYDEFKTTVTRHTMIHEQITRLFHAFRRDSHPMAVMCGITGALAAFYHDSLDVNNPRHREIAAFRLLSKMPTMAAMCYKYSIGQPFVYPRNDLSYAGNFLNMMFSTPCEPYEVNPILERAMDRILILHADHEQNASTSTVRTAGSSGANPFACIAAGIASLWGPAHGGANEAALKMLEEISSVKHIPEFVRRAKDKNDSFRLMGFGHRVYKNYDPRATVMRETCHEVLKELGTKDDLLEVAMELENIALNDPYFIEKKLYPNVDFYSGIILKAMGIPSSMFTVIFAMARTVGWIAHWSEMHSDGMKIARPRQLYTGYEKRDFKSDIKR,[0. 0. 0. ... 0. 0. 0.],"[-0.9270738   0.37091014 -0.08929734 ... -0.32631657  0.02395995
  0.05564164]",True,52.212074,csn
4,C00390;C00007;C00080,C00399;C00001;C00080,MRLRKYNKSLGWLSLFAGTVLLSGCNSALLDPKGQIGLEQRSLILTAFGLMLIVVIPAILMAVGFAWKYRASNKDAKYSPNWSHSNKVEAVVWTVPILIIIFLAVLTWKTTHALEPSKPLAHDEKPITIEVVSMDWKWFFIYPEQGIATVNEIAFPANTPVYFKVTSNSVMNSFFIPRLGSQIYAMAGMQTRLHLIANEPGTYDGISASYSGPGFSGMKFKAIATPDRAAFDQWVAKAKQSPNTMSDMAAFEKLAAPSEYNQVEYFSNVKPDLFADVINKFMAHGKSMDMTQPEGEHSAHEGMEGMDMSHAESAH,[0. 0. 0. ... 0. 0. 0.],"[ 0.11711451 -0.30507183 -0.91382    ...  0.6429119   0.16075405
 -0.23733091]",True,7.4976373,cytbd
5,C04442,C00118;C00022,MKNWKTSAESILTTGPVVPVIVVKKLEHAVPMAKALVAGGVRVLEVTLRTECAVDAIRAIAKEVPEAIVGAGTVLNPQQLAEVTEAGAQFAISPGLTEPLLKAATEGTIPLIPGISTVSELMLGMDYGLKEFKFFPAEANGGVKALQAIAGPFSQVRFCPTGGISPANYRDYLALKSVLCIGGSWLVPADALEAGDYDRITKLAREAVEGAKL,[0. 0. 0. ... 0. 0. 0.],"[ 1.2232214  -0.9417538  -0.32815853 ...  0.5931742   0.09233139
 -0.10426832]",True,82.28917,eda
6,C00345,C04442;C00001,MNPQLLRVTNRIIERSRETRSAYLARIEQAKTSTVHRSQLACGNLAHGFAACQPEDKASLKSMLRNNIAIITSYNDMLSAHQPYEHYPEIIRKALHEANAVGQVAGGVPAMCDGVTQGQDGMELSLLSREVIAMSAAVGLSHNMFDGALFLGVCDKIVPGLTMAALSFGHLPAVFVPSGPMASGLPNKEKVRIRQLYAEGKVDRMALLESEAASYHAPGTCTFYGTANTNQMVVEFMGMQLPGSSFVHPDSPLRDALTAAAARQVTRMTGNGNEWMPIGKMIDEKVVVNGIVALLATGGSTNHTMHLVAMARAAGIQINWDDFSDLSDVVPLMARLYPNGPADINHFQAAGGVPVLVRELLKAGLLHEDVNTVAGFGLSRYTLEPWLNNGELDWREGAEKSLDSNVIASFEQPFSHHGGTKVLSGNLGRAVMKTSAVPVENQVIEAPAVVFESQHDVMPAFEAGLLDRDCVVVVRHQGPKANGMPELHKLMPPLGVLLDRCFKIALVTDGRLSGASGKVPSAIHVTPEAYDGGLLAKVRDGDIIRVNGQTGELTLLVDEAELAAREPHIPDLSASRVGTGRELFSALREKLSGAEQGATCITF,[0. 0. 0. ... 0. 0. 0.],"[ 0.9494097  -0.88088804  0.04594961 ...  0.58593833  0.737079
 -1.0381614 ]",True,7.224164,edd
7,C00354;C00001,C00085;C00009,MKTLGEFIVEKQHEFSHATGELTALLSAIKLGAKIIHRDINKAGLVDILGASGAENVQGEVQQKLDLFANEKLKAALKARDIVAGIASEEEDEIVVFEGCEHAKYVVLMDPLDGSSNIDVNVSVGTIFSIYRRVTPVGTPVTEEDFLQPGNKQVAAGYVVYGSSTMLVYTTGCGVHAFTYDPSLGVFCLCQERMRFPEKGKTYSINEGNYIKFPNGVKKYIKFCQEEDKSTNRPYTSRYIGSLVADFHRNLLKGGIYLYPSTASHPDGKLRLLYECNPMAFLAEQAGGKASDGKERILDIIPETLHQRRSFFVGNDHMVEDVERFIREFPDA,[0. 0. 0. ... 0. 0. 0.],"[ 1.0920014  -1.0500318  -0.12891334 ...  0.65938634  0.16271964
 -0.43020952]",True,13.217173,fbp
8,C15602;C00042,C15603;C00122,MKLPVREFDAVVIGAGGAGMRAALQISQSGQTCALLSKVFPTRSHTVSAQGGITVALGNTHEDNWEWHMYDTVKGSDYIGDQDAIEYMCKTGPEAILELEHMGLPFSRLDDGRIYQRPFGGQSKNFGGEQAARTAAAADRTGHALLHTLYQQNLKNHTTIFSEWYALDLVKNQDGAVVGCTALCIETGEVVYFKARATVLATGGAGRIYQSTTNAHINTGDGVGMAIRAGVPVQDMEMWQFHPTGIAGAGVLVTEGCRGEGGYLLNKHGERFMERYAPNAKDLAGRDVVARSIMIEIREGRGCDGPWGPHAKLKLDHLGKEVLESRLPGILELSRTFAHVDPVKEPIPVIPTCHYMMGGIPTKVTGQALTVNEKGEDVVVPGLFAVGEIACVSVHGANRLGGNSLLDLVVFGRAAGLHLQESIAEQGALRDASESDVEASLDRLNRWNNNRNGEDPVAIRKALQECMQHNFSVFREGDAMAKGLEQLKVIRERLKNARLDDTSSEFNTQRVECLELDNLMETAYATAVSANFRTESRGAHSRFDFPDRDDENWLCHSLYLPESESMTRRSVNMEPKLRPAFPPKIRTY,[0. 0. 0. ... 0. 0. 0.],"[ 0.9513583   0.02252226 -0.2976227  ...  0.42644823  0.39234406
 -0.50231004]",True,30.069101,sdh
9,C00149,C00122;C00001,MGNRTKEDELYREMCRVVGKVVLEMRDLGQEPKHIVIAGVLRTALANKRIQRSELEKQAMETVINALVK,[0. 0. 0. ... 0. 0. 0.],"[ 0.04789857  0.76075095  0.02110654 ... -0.08826268 -0.05964722
 -0.03543654]",True,21.953281,fum
10,C00118;C00009;C00003,C00236;C00004;C00080,MTIKVGINGFGRIGRIVFRAAQKRSDIEIVAINDLLDADYMAYMLKYDSTHGRFDGTVEVKDGHLIVNGKKIRVTAERDPANLKWDEVGVDVVAEATGLFLTDETARKHITAGAKKVVMTGPSKDNTPMFVKGANFDKYAGQDIVSNASCTTNCLAPLAKVINDNFGIIEGLMTTVHATTATQKTVDGPSHKDWRGGRGASQNIIPSSTGAAKAVGKVLPELNGKLTGMAFRVPTPNVSVVDLTVRLEKAATYEQIKAAVKAAAEGEMKGVLGYTEDDVVSTDFNGEVCTSVFDAKAGIALNDNFVKLVSWYDNETGYSNKVLDLIAHISK,[0. 0. 0. ... 0. 0. 0.],"[ 0.3389432  -0.04680093  0.57258177 ...  0.07283474 -0.85098284
  1.6812859 ]",True,37.374268,gap
11,C01236;C00001,C00345,MKQTVYIASPESQQIHVWNLNHEGALTLTQVVDVPGQVQPMVVSPDKRYLYVGVRPEFRVLAYRIAPDDGALTFAAESALPGSPTHISTDHQGQFVFVGSYNAGNVSVTRLEDGLPVGVVDVVEGLDGCHSANISPDNRTLWVPALKQDRICLFTVSDDGHLVAQDPAEVTTVEGAGPRHMVFHPNEQYAYCVNELNSSVDVWELKDPHGNIECVQTLDMMPENFSDTRWAADIHITPDGRHLYACDRTASLITVFSVSEDGSVLSKEGFQPTETQPRGFNVDHSGKYLIAAGQKSHHISVYEIVGEQGLLHEKGRYAVGQGPMWVVVNAH,[0. 0. 0. ... 0. 0. 0.],"[ 0.5373201  -0.10156517 -1.0674025  ...  0.38786384  0.36219808
  0.3491578 ]",True,12.436784,glh
12,C00026;C00010;C00003,C00091;C00011;C00004;C00080,MQNSALKAWLDSSYLSGANQSWIEQLYEDFLTDPDSVDANWRSTFQQLPGTGVKPDQFHSQTREYFRRLAKDASRYSSTISDPDTNVKQVKVLQLINAYRFRGHQHANLDPLGLWQQDKVADLDPSFHDLTEADFQETFNVGSFASGKETMKLGELLEALKQTYCGPIGAEYMHITSTEEKRWIQQRIESGRATFNSEEKKRFLSELTAAEGLERYLGAKFPGAKRFSLEGGDALIPMLKEMIRHAGNSGTREVVLGMAHRGRLNVLVNVLGKKPQDLFDEFAGKHKEHLGTGDVKYHMGFSSDFQTDGGLVHLALAFNPSHLEIVSPVVIGSVRARLDRLDEPSSNKVLPITIHGDAAVTGQGVVQETLNMSKARGYEVGGTVRIVINNQVGFTTSNPLDARSTPYCTDIGKMVQAPIFHVNADDPEAVAFVTRLALDFRNTFKRDVFIDLVCYRRHGHNEADEPSATQPLMYQKIKKHPTPRKIYADKLEQEKVATLEDATEMVNLYRDALDAGDCVVAEWRPMNMHSFTWSPYLNHEWDEEYPNKVEMKRLQELAKRISTVPEAVEMQSRVAKIYGDRQAMAAGEKLFDWGGAENLAYATLVDEGIPVRLSGEDSGRGTFFHRHAVIHNQSNGSTYTPLQHIHNGQGAFRVWDSVLSEEAVLAFEYGYATAEPRTLTIWEAQFGDFANGAQVVIDQFISSGEQKWGRMCGLVMLLPHGYEGQGPEHSSARLERYLQLCAEQNMQVCVPSTPAQVYHMLRRQALRGMRRPLVVMSPKSLLRHPLAVSSLEELANGTFLPAIGEIDELDPKGVKRVVMCSGKVYYDLLEQRRKNNQHDVAIVRIEQLYPFPHKAMQEVLQQFAHVKDFVWCQEEPLNQGAWYCSQHHFREVIPFGASLRYAGRPASASPAVGYMSVHQKQQQDLVNDALNVE,[0. 0. 0. ... 0. 0. 0.],"[ 0.6945505  -0.6394673   0.04786664 ...  0.57529306  0.5300538
 -0.6372632 ]",True,12.680863,kgd
13,C00149;C00003,C00036;C00004;C00080,MKVAVLGAAGGIGQALALLLKTQLPSGSELSLYDIAPVTPGVAVDLSHIPTAVKIKGFSGEDATPALEGADVVLISAGVARKPGMDRSDLFNVNAGIVKNLVQQVAKTCPKACIGIITNPVNTTVAIAAEVLKKAGVYDKNKLFGVTTLDIIRSNTFVAELKGKQPGEVEVPVIGGHSGVTILPLLSQVPGVSFTEQEVADLTKRIQNAGTEVVEAKAGGGSATLSMGQAAARFGLSLVRALQGEQGVVECAYVEGDGQYARFFSQPLLLGKNGVEERKSIGTLSAFEQNALEGMLDTLKKDIALGEEFVNK,[0. 0. 0. ... 0. 0. 0.],"[ 0.41902664  0.25993982  0.45893338 ... -0.07645026 -0.52328056
  1.8810269 ]",True,817.4991,mdh
14,C00149;C00003,C00022;C00011;C00004;C00080,MEPKTKKQRSLYIPYAGPVLLEFPLLNKGSAFSMEERRNFNLLGLLPEVVETIEEQAERAWIQYQGFKTEIDKHIYLRNIQDTNETLFYRLVNNHLDEMMPVIYTPTVGAACERFSEIYRRSRGVFISYQNRHNMDDILQNVPNHNIKVIVVTDGERILGLGDQGIGGMGIPIGKLSLYTACGGISPAYTLPVVLDVGTNNQQLLNDPLYMGWRNPRITDDEYYEFVDEFIQAVKQRWPDVLLQFEDFAQKNAMPLLNRYRNEICSFNDDIQGTAAVTVGTLIAASRAAGGQLSEKKIVFLGAGSAGCGIAEMIISQTQREGLSEEAARQKVFMVDRFGLLTDKMPNLLPFQTKLVQKRENLSDWDTDSDVLSLLDVVRNVKPDILIGVSGQTGLFTEEIIREMHKHCPRPIVMPLSNPTSRVEATPQDIIAWTEGNALVATGSPFNPVVWKDKIYPIAQCNNAFIFPGIGLGVIASGASRITDEMLMSASETLAQYSPLVLNGEGMVLPELKDIQKVSRAIAFAVGKMAQQQGVAVKTSAEALQQAIDDNFWQAEYRDYRRTSI,[0. 0. 0. ... 0. 0. 0.],"[ 0.6859705   0.7071699   0.37598637 ...  0.38272986 -0.67843956
  1.2949718 ]",True,75.52046,me
15,C00022;C00010;C00003,C00024;C00011;C00004;C00080,MSERFPNDVDPIETRDWLQAIESVIREEGVERAQYLIDQLLAEARKGGVNVAAGTGISNYINTIPVEEQPEYPGNLELERRIRSAIRWNAIMTVLRASKKDLELGGHMASFQSSATIYDVCFNHFFRARNEQDGGDLVYFQGHISPGVYARAFLEGRLTQEQLDNFRQEVHGNGLSSYPHPKLMPEFWQFPTVSMGLGPIGAIYQAKFLKYLEHRGLKDTSKQTVYAFLGDGEMDEPESKGAITIATREKLDNLVFVINCNLQRLDGPVTGNGKIINELEGIFEGAGWNVIKVMWGSRWDELLRKDTSGKLIQLMNETVDGDYQTFKSKDGAYVREHFFGKYPETAALVADWTDEQIWALNRGGHDPKKIYAAFKKAQETKGKATVILAHTIKGYGMGDAAEGKNIAHQVKKMNMDGVRHIRDRFNVPVSDADIEKLPYITFPEGSEEHTYLHAQRQKLHGYLPSRQPNFTEKLELPSLQDFGALLEEQSKEISTTIAFVRALNVMLKNKSIKDRLVPIIADEARTFGMEGLFRQIGIYSPNGQQYTPQDREQVAYYKEDEKGQILQEGINELGAGCSWLAAATSYSTNNLPMIPFYIYYSMFGFQRIGDLCWAAGDQQARGFLIGGTSGRTTLNGEGLQHEDGHSHIQSLTIPNCISYDPAYAYEVAVIMHDGLERMYGEKQENVYYYITTLNENYHMPAMPEGAEEGIRKGIYKLETIEGSKGKVQLLGSGSILRHVREAAEILAKDYGVGSDVYSVTSFTELARDGQDCERWNMLHPLETPRVPYIAQVMNDAPAVASTDYMKLFAEQVRTYVPADDYRVLGTDGFGRSDSRENLRHHFEVDASYVVVAALGELAKRGEIDKKVVADAIAKFNIDADKVNPRLA,[0. 0. 0. ... 0. 0. 0.],"[ 0.91656035 -0.8140555  -0.05791591 ...  0.8071782   0.65078336
 -0.5784695 ]",True,26.769497,pdh
16,C00002;C05345,C00008;C05378,MIKKIGVLTSGGDAPGMNAAIRGVVRSALTEGLEVMGIYDGYLGLYEDRMVQLDRYSVSDMINRGGTFLGSARFPEFRDENIRAVAIENLKKRGIDALVVIGGDGSYMGAMRLTEMGFPCIGLPGTIDNDIKGTDYTIGFFTALSTVVEAIDRLRDTSSSHQRISVVEVMGRYCGDLTLAAAIAGGCEFVVVPEVEFSREDLVNEIKAGIAKGKKHAIVAITEHMCDVDELAHFIEKETGRETRATVLGHIQRGGSPVPYDRILASRMGAYAIDLLLAGYGGRCVGIQNEQLVHHDIIDAIENMKRPFKGDWLDCAKKLY,[  0.   0.   0. ...   0. -10.   0.],"[-0.8031279  -0.3165531   0.33248255 ... -0.32292968 -0.23859784
  0.87934285]",True,6.734944,pfk
17,C00024;C00058,C00010;C00022,MSELNEKLATAWEGFTKGDWQNEVNVRDFIQKNYTPYEGDESFLAGATEATTTLWDKVMEGVKLENRTHAPVDFDTAVASTITSHDAGYINKQLEKIVGLQTEAPLKRALIPFGGIKMIEGSCKAYNRELDPMIKKIFTEYRKTHNQGVFDVYTPDILRCRKSGVLTGLPDAYGRGRIIGDYRRVALYGIDYLMKDKLAQFTSLQADLENGVNLEQTIRLREEIAEQHRALGQMKEMAAKYGYDISGPATNAQEAIQWTYFGYLAAVKSQNGAAMSFGRTSTFLDVYIERDLKAGKITEQEAQEMVDHLVMKLRMVRFLRTPEYDELFSGDPIWATESIGGMGLDGRTLVTKNSFRFLNTLYTMGPSPEPNMTILWSEKLPLNFKKFAAKVSIDTSSLQYENDDLMRPDFNNDDYAIACCVSPMIVGKQMQFFGARANLAKTMLYAINGGVDEKLKMQVGPKSEPIKGDVLNYDEVMERMDHFMDWLAKQYITALNIIHYMHDKYSYEASLMALHDRDVIRTMACGIAGLSVAADSLSAIKYAKVKPIRDEDGLAIDFEIEGEYPQFGNNDPRVDDLAVDLVERFMKKIQKLHTYRDAIPTQSVLTITSNVVYGKKTGNTPDGRRAGAPFGPGANPMHGRDQKGAVASLTSVAKLPFAYAKDGISYTFSIVPNALGKDDEVRKTNLAGLMDGYFHHEASIEGGQHLNVNVMNREMLLDAMENPEKYPQLTIRVSGYAVRFNSLTKEQQQDVITRTFTQSM,[0. 0. 0. ... 0. 0. 0.],"[-0.19088711 -0.07908379 -0.30019754 ... -0.41036966  0.5092542
 -0.1153856 ]",True,29.230053,pfl
18,C00345;C00006,C00199;C00011;C00005;C00080,MSKQQIGVVGMAVMGRNLALNIESRGYTVSIFNRSREKTEEVIAENPGKKLVPYYTVKEFVESLETPRRILLMVKAGAGTDAAIDSLKPYLDKGDIIIDGGNTFFQDTIRRNRELSAEGFNFIGTGVSGGEEGALKGPSIMPGGQKEAYELVAPILTKIAAVAEDGEPCVTYIGADGAGHYVKMVHNGIEYGDMQLIAEAYSLLKGGLNLTNEELAQTFTEWNNGELSSYLIDITKDIFTKKDEDGNYLVDVILDEAANKGTGKWTSQSALDLGEPLSLITESVFARYISSLKDQRVAASKVLSGPQAQPAGDKAEFIEKVRRALYLGKIVSYAQGFSQLRAASEEYNWDLNYGEIAKIFRAGCIIRAQFLQKITDAYAENPQIANLLLAPYFKQIADDYQQALRDVVAYAVQNGIPVPTFSAAVAYYDSYRAAVLPANLIQAQRDYFGAHTYKRIDKEGVFHTEWLD,[0. 0. 0. ... 0. 0. 0.],"[ 0.34978494  0.58885473  0.71963906 ...  0.12217718 -0.5156282
  1.1341691 ]",True,28.950478,pgd
19,C00631,C00074;C00001,MSKIVKIIGREIIDSRGNPTVEAEVHLEGGFVGMAAAPSGASTGSREALELRDGDKSRFLGKGVTKAVAAVNGPIAQALIGKDAKDQAGIDKIMIDLDGTENKSKFGANAILAVSLANAKAAAAAKGMPLYEHIAELNGTPGKYSMPVPMMNIINGGEHADNNVDIQEFMIQPVGAKTVKEAIRMGSEVFHHLAKVLKAKGMNTAVGDEGGYAPNLGSNAEALAVIAEAVKAAGYELGKDITLAMDCAASEFYKDGKYVLAGEGNKAFTSEEFTHFLEELTKQYPIVSIEDGLDESDWDGFAYQTKVLGDKIQLVGDDLFVTNTKILKEGIEKGIANSILIKFNQIGSLTETLAAIKMAKDAGYTAVISHRSGETEDATIADLAVGTAAGQIKTGSMSRSDRVAKYNQLIRIEEALGEKAPYNGRKEIKGQA,[0. 0. 0. ... 0. 0. 0.],"[ 0.77768177 -1.0612309  -0.04450943 ...  0.4618116   0.42537597
 -0.13286543]",True,19.46296,pgh
20,C00002;C00197,C00008;C00236,MSVIKMTDLDLAGKRVFIRADLNVPVKDGKVTSDARIRASLPTIELALKQGAKVMVTSHLGRPTEGEYNEEFSLLPVVNYLKDKLSNPVRLVKDYLDGVDVAEGELVVLENVRFNKGEKKDDETLSKKYAALCDVFVMDAFGTAHRAQASTHGIGKFADVACAGPLLAAELDALGKALKEPARPMVAIVGGSKVSTKLTVLDSLSKIADQLIVGGGIANTFIAAQGHDVGKSLYEADLVDEAKRLLTTCNIPVPSDVRVATEFSETAPATLKSVNDVKADEQILDIGDASAQELAEILKNAKTILWNGPVGVFEFPNFRKGTEIVANAIADSEAFSIAGGGDTLAAIDLFGIADKISYISTGGGAFLEFVEGKVLPAVAMLEERAKK,[  0.   0.   0. ...   0. -10.   0.],"[-0.49342948  0.15949073  0.32337958 ... -0.2686962  -0.47348663
  0.9617966 ]",True,134.9561,pgk
21,C00009;C00036,C00001;C00074;C00011,MNEQYSALRSNVSMLGKVLGETIKDALGEHILERVETIRKLSKSSRAGNDANRQELLTTLQNLSNDELLPVARAFSQFLNLANTAEQYHSISPKGEAASNPEVIARTLRKLKNQPELSEDTIKKAVESLSLELVLTAHPTEITRRTLIHKMVEVNACLKQLDNKDIADYEHNQLMRRLRQLIAQSWHTDEIRKLRPSPVDEAKWGFAVVENSLWQGVPNYLRELNEQLEENLGYKLPVEFVPVRFTSWMGGDRDGNPNVTADITRHVLLLSRWKATDLFLKDIQVLVSELSMVEATPELLALVGEEGAAEPYRYLMKNLRSRLMATQAWLEARLKGEELPKPEGLLTQNEELWEPLYACYQSLQACGMGIIANGDLLDTLRRVKCFGVPLVRIDIRQESTRHTEALGELTRYLGIGDYESWSEADKQAFLIRELNSKRPLLPRNWQPSAETREVLDTCQVIAEAPQGSIAAYVISMAKTPSDVLAVHLLLKEAGIGFAMPVAPLFETLDDLNNANDVMTQLLNIDWYRGLIQGKQMVMIGYSDSAKDAGVMAASWAQYQAQDALIKTCEKAGIELTLFHGRGGSIGRGGAPAHAALLSQPPGSLKGGLRVTEQGEMIRFKYGLPEITVSSLSLYTGAILEANLLPPPEPKESWRRIMDELSVISCDVYRGYVRENKDFVPYFRSATPEQELGKLPLGSRPAKRRPTGGVESLRAIPWIFAWTQNRLMLPAWLGAGTALQKVVEDGKQSELEAMCRDWPFFSTRLGMLEMVFAKADLWLAEYYDQRLVDKALWPLGKELRNLQEEDIKVVLAIANDSHLMADLPWIAESIQLRNIYTDPLNVLQAELLHRSRQAEKEGQEPDPRVEQALMVTIAGIAAGMRNTG,[0. 0. 0. ... 0. 0. 0.],"[ 0.848853   -0.93330747 -0.0096983  ...  0.6971981   0.60426
 -0.21643627]",True,222.24344,ppc
22,C00024;C00009,C00010;C00227,MSRIIMLIPTGTSVGLTSVSLGVIRAMERKGVRLSVFKPIAQPRTGGDAPDQTTTIVRANSSTTTAAEPLKMSYVEGLLSSNQKDVLMEEIVANYHANTKDAEVVLVEGLVPTRKHQFAQSLNYEIAKTLNAEIVFVMSQGTDTPEQLKERIELTRNSFGGAKNTNITGVIVNKLNAPVDEQGRTRPDLSEIFDDSSKAKVNNVDPAKLQESSPLPVLGAVPWSFDLIATRAIDMARHLNATIINEGDINTRRVKSVTFCARSIPHMLEHFRAGSLLVTSADRPDVLVAACLAAMNGVEIGALLLTGGYEMDARISKLCERAFATGLPVFMVNTNTWQTSLSLQSFNLEVPVDDHERIEKVQEYVANYINADWIESLTATSERSRRLSPPAFRYQLTELARKAGKRIVLPEGDEPRTVKAAAICAERGIATCVLLGNPAEINRVAASQGVELGAGIEIVDPEVVRESYVGRLVELRKNKGMTETVAREQLEDNVVLGTLMLEQDEVDGLVSGAVHTTANTIRPPLQLIKTAPGSSLVSSVFFMLLPEQVYVYGDCAINPDPTAEQLAEIAIQSADSAAAFGIEPRVAMLSYSTGTSGAGSDVEKVREATRLAQEKRPDLMIDGPLQYDAAVMADVAKSKAPNSPVAGRATVFIFPDLNTGNTTYKAVQRSADLISIGPMLQGMRKPVNDLSRGALVDDIVYTIALTAIQSAQQQ,[0. 0. 0. ... 0. 0. 0.],"[ 0.77527136 -0.37899303  0.58900964 ... -0.20145091 -0.63501126
  1.4520513 ]",True,233.02885,pta
23,C00002;C00022,C00008;C00074,MKKTKIVCTIGPKTESEEMLAKMLDAGMNVMRLNFSHGDYAEHGQRIQNLRNVMSKTGKTAAILLDTKGPEIRTMKLEGGNDVSLKAGQTFTFTTDKSVIGNSEMVAVTYEGFTTDLSVGNTVLVDDGLIGMEVTAIEGNKVICKVLNNGDLGENKGVNLPGVSIALPALAEKDKQDLIFGCEQGVDFVAASFIRKRSDVIEIREHLKAHGGENIHIISKIENQEGLNNFDEILEASDGIMVARGDLGVEIPVEEVIFAQKMMIEKCIRARKVVITATQMLDSMIKNPRPTRAEAGDVANAILDGTDAVMLSGESAKGKYPLEAVSIMATICERTDRVMNSRLEFNNDNRKLRITEAVCRGAVETAEKLDAPLIVVATQGGKSARAVRKYFPDATILALTTNEKTAHQLVLSKGVVPQLVKEITSTDDFYRLGKELALQSGLAHKGDVVVMVSGALVPSGTTNTASVHVL,[  0.   0.   0. ...   0. -10.   0.],"[ 0.04813654 -0.5391366   0.24837206 ... -0.06978741 -0.05216306
  0.24850413]",True,25.409245,pyk
24,C00199,C00231,MKQYLIAPSILSADFARLGEDTAKALAAGADVVHFDVMDNHYVPNLTIGPMVLKSLRNYGITAPIDVHLMVKPVDRIVPDFAAAGASIITFHPEASEHVDRTLQLIKENGCKAGLVFNPATPLSYLDYVMDKLDVILLMSVNPGFGGQSFIPQTLDKLREVRRRIDESGFDIRLEVDGGVKVNNIGEIAAAGADMFVAGSAIFDQPDYKKVIDEMRSELAKVSHE,[0. 0. 0. ... 0. 0. 0.],"[ 1.4575893  -1.3144968  -0.45021728 ...  0.63999325  0.49024948
 -0.5258451 ]",True,12.812579,rpe
25,C00117,C00199,MTQDELKKAVGWAALQYVQPGTIVGVGTGSTAAHFIDALGTMKGQIEGAVSSSDASTEKLKSLGIHVFDLNEVDSLGIYVDGADEINGHMQMIKGGGAALTREKIIASVAEKFICIADASKQVDILGKFPLPVEVIPMARSAVARQLVKLGGRPEYRQGVVTDNGNVILDVHGMEILDPIAMENAINAIPGVVTVGLFANRGADVALIGTPDGVKTIVK,[0. 0. 0. ... 0. 0. 0.],"[ 1.434146   -0.49482656  0.02693961 ...  0.5521505   0.37958926
  0.03937283]",True,1372.1726,rpi
26,C00002;C00042;C00010,C00008;C00009;C00091,MSILIDKNTKVICQGFTGSQGTFHSEQAIAYGTKMVGGVTPGKGGTTHLGLPVFNTVREAVAATGATASVIYVPAPFCKDSILEAIDAGIKLIITITEGIPTLDMLTVKVKLDEAGVRMIGPNCPGVITPGECKIGIQPGHIHKPGKVGIVSRSGTLTYEAVKQTTDYGFGQSTCVGIGGDPIPGSNFIDILEMFEKDPQTEAIVMIGEIGGSAEEEAAAYIKEHVTKPVVGYIAGVTAPKGKRMGHAGAIIAGGKGTADEKFAALEAAGVKTVRSLADIGEALKTVLK,[  0.   0.   0. ...   0. -10.   0.],"[ 1.1385251e-03  1.2095125e+00 -6.0326147e-01 ... -4.6995282e-01
  2.5834155e-01  8.3090800e-01]",True,44.986862,scs
27,C00118,C00111,MRHPLVMGNWKLNGSRHMVHELVSNLRKELAGVAGCAVAIAPPEMYIDMAKREAEGSHIMLGAQNVDLNLSGAFTGETSAAMLKDIGAQYIIIGHSERRTYHKESDELIAKKFAVLKEQGLTPVLCIGETEAENEAGKTEEVCARQIDAVLKTQGAAAFEGAVIAYEPVWAIGTGKSATPAQAQAVHKFIRDHIAKVDANIAEQVIIQYGGSVNASNAAELFAQPDIDGALVGGASLKADAFAVIVKAAEAAKQA,[0. 0. 0. ... 0. 0. 0.],"[ 1.2746052  -0.92234147  0.16750163 ...  0.54146016  0.33323613
 -0.249078  ]",True,6.0873103,tim
